{"cameraMode":{"drawMode":0,"name":"Shaded","section":"Shading Mode"},"sceneLighting":false,"audioPlay":false,"sceneViewState":{"m_AlwaysRefresh":false,"showFog":true,"showSkybox":false,"showFlares":true,"showImageEffects":true,"showParticleSystems":true,"showVisualEffectGraphs":true,"m_FxEnabled":true},"in2DMode":false,"pivot":{"x":243.81106567382813,"y":437.9153747558594,"z":37.227996826171878},"rotation":{"x":0.2084532231092453,"y":0.007923442870378495,"z":-0.0016888759564608336,"w":0.9779995083808899},"size":190.6882781982422,"orthographic":false}