{"cameraMode":{"drawMode":0,"name":"Shaded","section":"Shading Mode"},"sceneLighting":false,"audioPlay":false,"sceneViewState":{"m_AlwaysRefresh":false,"showFog":true,"showSkybox":false,"showFlares":true,"showImageEffects":true,"showParticleSystems":true,"showVisualEffectGraphs":true,"m_FxEnabled":true},"in2DMode":false,"pivot":{"x":-2.2108564376831056,"y":1.9312069416046143,"z":-49.434593200683597},"rotation":{"x":-0.17489662766456605,"y":0.7392910718917847,"z":-0.21010670065879823,"w":-0.6154066920280457},"size":3.6794493198394777,"orthographic":false}