{"cameraMode":{"drawMode":0,"name":"Shaded","section":"Shading Mode"},"sceneLighting":true,"audioPlay":false,"sceneViewState":{"m_AlwaysRefresh":false,"showFog":true,"showSkybox":true,"showFlares":true,"showImageEffects":true,"showParticleSystems":true,"showVisualEffectGraphs":true,"m_FxEnabled":true},"in2DMode":false,"pivot":{"x":1.2021105289459229,"y":1.5280826091766358,"z":-69.28900909423828},"rotation":{"x":0.3451192378997803,"y":0.10945869237184525,"z":-0.04056420177221298,"w":0.9312716126441956},"size":4.482412815093994,"orthographic":false}