{"cameraMode":{"drawMode":0,"name":"Shaded","section":"Shading Mode"},"sceneLighting":true,"audioPlay":false,"sceneViewState":{"m_AlwaysRefresh":false,"showFog":true,"showSkybox":true,"showFlares":true,"showImageEffects":true,"showParticleSystems":true,"showVisualEffectGraphs":true,"m_FxEnabled":true},"in2DMode":false,"pivot":{"x":-0.2836405038833618,"y":5.344898700714111,"z":1.735260009765625},"rotation":{"x":-0.07369797676801682,"y":0.03499438241124153,"z":-0.0025888183154165746,"w":-0.9966726303100586},"size":5.69940185546875,"orthographic":false}