{"cameraMode":{"drawMode":0,"name":"Shaded","section":"Shading Mode"},"sceneLighting":false,"audioPlay":false,"sceneViewState":{"m_AlwaysRefresh":false,"showFog":true,"showSkybox":false,"showFlares":true,"showImageEffects":true,"showParticleSystems":true,"showVisualEffectGraphs":true,"m_FxEnabled":true},"in2DMode":false,"pivot":{"x":-0.5288088321685791,"y":1.7053642272949219,"z":-0.20389580726623536},"rotation":{"x":0.062233831733465198,"y":-0.06283585727214813,"z":0.003925919067114592,"w":0.9960749745368958},"size":1.9056316614151,"orthographic":false}